[{"family":"MaterialIcons","fonts":[{"asset":"fonts/MaterialIcons-Regular.otf"}]},{"family":"Poppins","fonts":[{"weight":100,"asset":"fonts/Poppins-Thin.ttf"},{"weight":100,"style":"italic","asset":"fonts/Poppins-ThinItalic.ttf"},{"weight":200,"asset":"fonts/Poppins-ExtraLight.ttf"},{"weight":200,"style":"italic","asset":"fonts/Poppins-ExtraLightItalic.ttf"},{"weight":300,"asset":"fonts/Poppins-Light.ttf"},{"weight":300,"style":"italic","asset":"fonts/Poppins-LightItalic.ttf"},{"weight":400,"asset":"fonts/Poppins-Regular.ttf"},{"weight":400,"style":"italic","asset":"fonts/Poppins-Italic.ttf"},{"weight":500,"asset":"fonts/Poppins-Medium.ttf"},{"weight":500,"style":"italic","asset":"fonts/Poppins-MediumItalic.ttf"},{"weight":600,"asset":"fonts/Poppins-SemiBold.ttf"},{"weight":600,"style":"italic","asset":"fonts/Poppins-SemiBoldItalic.ttf"},{"weight":700,"asset":"fonts/Poppins-Bold.ttf"},{"weight":700,"style":"italic","asset":"fonts/Poppins-BoldItalic.ttf"},{"weight":800,"asset":"fonts/Poppins-ExtraBold.ttf"},{"weight":800,"style":"italic","asset":"fonts/Poppins-ExtraBoldItalic.ttf"},{"weight":900,"asset":"fonts/Poppins-Black.ttf"},{"weight":900,"style":"italic","asset":"fonts/Poppins-BlackItalic.ttf"}]},{"family":"packages/cupertino_icons/CupertinoIcons","fonts":[{"asset":"packages/cupertino_icons/assets/CupertinoIcons.ttf"}]}]